time_s,gsr_us
0.001,12.632743
0.252,12.582781
0.503,12.483516
0.754,12.533040
1.005,12.483516
1.256,12.483516
1.507,12.582781
1.758,12.632743
2.009,12.783964
2.260,12.988764
2.511,12.988764
2.762,13.144796
3.013,13.092551
3.264,13.250000
3.515,13.092551
3.767,13.092551
4.018,12.988764
4.271,13.144796
4.522,13.250000
4.775,13.463303
5.027,13.680556
5.279,13.735499
5.531,13.790698
5.784,13.571429
6.036,13.571429
6.288,13.571429
6.540,13.901869
6.793,14.241706
7.045,14.415274
7.297,14.473684
7.550,14.357143
7.802,14.357143
8.054,14.591346
8.307,14.769976
8.559,15.073529
8.811,15.197044
9.063,15.259259
9.315,15.197044
9.568,15.073529
9.820,15.073529
10.072,15.321782
10.324,15.575000
10.577,15.575000
10.829,15.639098
11.081,15.511222
11.333,15.321782
11.585,15.447761
11.838,15.447761
12.090,15.703518
12.343,15.768262
12.595,15.768262
12.847,15.575000
13.099,15.321782
13.352,15.384615
13.604,15.511222
13.856,15.639098
14.108,15.768262
14.360,15.833333
14.612,15.833333
14.864,15.768262
15.117,15.964467
15.369,16.163683
15.621,16.571429
15.873,16.850394
16.126,17.063492
16.378,16.992084
16.630,16.780105
16.883,16.710183
17.135,16.780105
17.387,16.992084
17.640,17.426273
17.892,17.500000
18.144,17.280000
18.396,17.135279
18.648,17.063492
18.901,16.992084
19.153,17.280000
19.405,17.426273
19.657,17.426273
19.910,17.426273
20.162,17.352941
20.414,17.352941
20.666,17.574124
20.919,17.798913
21.171,17.874659
21.423,17.798913
21.676,17.798913
21.928,17.648649
22.180,17.574124
22.432,17.648649
22.685,18.027397
22.937,18.337950
23.189,18.337950
23.442,18.181818
23.694,18.104396
23.946,18.027397
24.198,18.027397
24.451,18.337950
24.703,18.575419
24.955,18.495822
25.207,18.575419
25.459,18.337950
25.712,18.181818
25.964,18.104396
26.216,18.104396
26.468,18.495822
26.721,18.575419
26.973,18.416667
27.225,18.027397
27.477,17.798913
27.730,17.798913
27.982,17.798913
28.234,18.027397
28.487,18.259669
28.739,18.495822
28.991,18.337950
29.243,18.337950
29.495,18.416667
29.747,18.735955
29.999,18.980170
30.252,19.062500
30.504,19.145299
30.756,18.898305
31.009,18.735955
31.261,18.735955
31.513,18.898305
31.765,19.062500
32.018,19.062500
32.270,18.980170
32.522,18.655462
32.775,18.495822
33.027,18.416667
33.279,18.575419
33.531,18.898305
33.784,18.898305
34.036,19.062500
34.288,18.655462
34.540,18.575419
34.793,18.575419
35.045,18.735955
35.297,18.980170
35.549,19.062500
35.802,19.062500
36.054,18.735955
36.306,18.495822
36.558,18.575419
36.811,18.655462
37.063,19.145299
37.316,19.228571
37.568,19.228571
37.820,19.062500
38.072,19.062500
38.325,18.980170
38.577,19.312321
38.830,19.312321
39.082,19.396552
39.334,19.145299
39.587,18.898305
39.839,18.898305
40.091,18.816901
40.343,19.145299
40.596,19.228571
40.848,19.145299
41.100,18.980170
41.352,18.735955
41.604,18.816901
41.857,19.062500
42.109,19.566474
42.361,19.912281
42.613,20.088235
42.866,20.088235
43.118,19.825073
43.371,19.738372
43.623,20.000000
43.875,20.176991
44.127,20.266272
44.379,20.266272
44.631,20.000000
44.884,19.738372
45.136,19.566474
45.388,19.566474
45.640,19.738372
45.893,19.825073
46.145,19.912281
46.397,19.566474
46.649,19.312321
46.902,19.228571
47.154,19.312321
47.406,19.738372
47.659,19.738372
47.911,19.738372
48.163,19.481268
48.415,19.145299
48.667,19.062500
48.920,19.228571
49.172,19.396552
49.424,19.481268
49.676,19.481268
49.929,19.145299
50.181,18.980170
50.433,18.898305
50.686,18.816901
50.938,19.062500
51.190,19.228571
51.443,19.145299
51.695,18.898305
51.948,18.575419
52.200,18.575419
52.453,18.575419
52.705,18.898305
52.957,18.816901
53.209,18.655462
53.462,18.495822
53.714,18.259669
53.966,18.181818
54.218,18.337950
54.470,18.416667
54.723,18.575419
54.975,18.495822
55.227,18.104396
55.480,17.950820
55.732,17.874659
55.984,18.027397
56.236,18.104396
56.488,18.181818
56.741,18.181818
56.993,17.874659
57.245,17.723577
57.497,17.798913
57.750,18.181818
58.002,18.575419
58.254,18.898305
58.507,18.898305
58.759,18.735955
59.011,18.655462
59.263,18.735955
59.515,18.898305
59.768,19.228571
60.020,19.312321
60.272,19.312321
60.525,19.062500
60.777,18.816901
61.029,18.898305
61.282,18.898305
61.534,19.145299
61.786,19.145299
62.039,19.228571
62.291,18.980170
62.544,18.898305
62.796,18.816901
63.048,19.062500
63.300,19.145299
63.553,19.062500
63.805,19.062500
64.058,18.735955
64.310,18.655462
64.562,18.816901
64.814,18.980170
65.067,18.980170
65.319,18.980170
65.571,18.898305
65.824,18.816901
66.076,18.816901
66.328,18.898305
66.580,19.396552
66.833,19.738372
67.085,19.652174
67.338,19.481268
67.590,19.312321
67.843,19.312321
68.096,19.566474
68.348,20.000000
68.601,19.825073
68.853,19.912281
69.106,19.481268
69.358,19.481268
69.611,19.481268
69.864,20.000000
70.116,20.000000
70.369,20.088235
70.621,19.825073
70.873,19.912281
71.126,20.000000
71.378,20.266272
71.630,20.720721
71.883,21.094225
72.135,21.094225
72.387,20.813253
72.639,20.813253
72.891,21.000000
73.144,21.189024
73.396,21.574074
73.648,21.574074
73.900,21.574074
74.153,21.189024
74.405,20.906344
74.657,20.906344
74.910,21.000000
75.163,21.284404
75.415,21.574074
75.668,21.189024
75.920,21.189024
76.172,21.284404
76.424,21.380368
76.677,21.770186
76.929,22.068966
77.181,22.271293
77.433,22.373418
77.686,21.869159
77.938,21.671827
78.190,21.770186
78.443,21.968750
78.695,21.968750
78.947,21.968750
79.199,21.968750
79.452,21.574074
79.704,21.284404
79.956,21.380368
80.209,21.380368
80.461,21.380368
80.713,21.380368
80.966,21.094225
81.218,20.720721
81.470,20.537313
81.722,20.356083
81.974,20.266272
82.227,20.446429
82.479,20.446429
82.731,20.176991
82.984,19.738372
83.236,19.652174
83.488,19.481268
83.740,19.738372
83.992,20.000000
84.245,19.912281
84.497,19.738372
84.749,19.481268
85.001,19.228571
85.254,19.062500
85.506,19.312321
85.758,19.652174
86.010,19.825073
86.262,19.912281
86.515,19.738372
86.767,19.481268
87.019,19.481268
87.272,19.566474
87.524,20.088235
87.776,20.266272
88.028,20.266272
88.281,20.000000
88.533,19.738372
88.785,19.481268
89.037,19.481268
89.289,19.912281
89.542,20.000000
89.794,20.000000
90.046,20.176991
90.298,20.176991
90.551,20.446429
90.803,20.906344
91.055,21.284404
91.307,21.574074
91.559,21.574074
91.812,21.476923
92.064,21.189024
92.316,21.189024
92.569,21.000000
92.821,21.094225
93.073,21.284404
93.326,21.284404
93.578,21.284404
93.830,20.537313
94.083,20.356083
94.335,20.356083
94.587,20.356083
94.840,20.720721
95.092,20.537313
95.344,20.446429
95.596,19.912281
95.849,19.652174
96.101,19.652174
96.353,19.738372
96.605,20.000000
96.857,19.912281
97.110,19.912281
97.362,19.566474
97.614,19.228571
97.867,19.145299
98.118,19.312321
98.371,19.566474
98.623,19.738372
98.875,19.652174
99.128,19.481268
99.380,19.228571
99.632,19.228571
99.885,19.312321
100.137,19.652174
100.389,19.738372
100.641,19.738372
100.894,19.652174
101.146,19.396552
101.398,19.312321
101.651,19.312321
101.903,19.652174
102.155,19.825073
102.408,19.912281
102.660,19.738372
102.912,19.481268
103.165,19.481268
103.417,19.481268
103.669,19.825073
103.921,19.825073
104.174,19.738372
104.426,19.481268
104.679,19.228571
104.931,19.312321
105.183,19.396552
105.436,19.481268
105.688,19.738372
105.940,19.738372
106.193,19.566474
106.445,19.481268
106.697,19.396552
106.950,19.738372
107.202,20.176991
107.454,20.088235
107.706,20.088235
107.959,20.088235
108.211,19.738372
108.463,19.738372
108.715,19.825073
108.968,20.088235
109.220,20.266272
109.472,20.088235
109.725,20.000000
109.977,19.652174
110.229,19.566474
110.482,19.652174
110.734,19.912281
110.986,20.000000
111.238,19.738372
111.491,19.652174
111.743,19.228571
111.995,19.145299
112.247,19.062500
112.499,19.396552
112.752,19.481268
113.004,19.481268
113.256,19.228571
113.508,18.898305
113.761,18.898305
114.013,19.062500
114.265,19.481268
114.517,19.652174
114.770,19.912281
115.022,19.912281
115.274,19.652174
115.526,19.396552
115.779,19.312321
116.031,19.481268
116.284,19.825073
116.536,19.825073
116.788,19.912281
117.041,19.825073
117.293,20.088235
117.545,20.356083
117.797,20.720721
118.050,21.094225
118.302,21.094225
118.554,21.189024
118.806,21.000000
119.058,20.906344
119.310,20.813253
119.562,20.813253
119.815,21.094225
120.067,21.380368
120.319,21.476923
120.572,21.380368
120.824,21.094225
121.076,21.189024
121.329,21.094225
121.581,21.380368
121.833,21.770186
122.085,21.380368
122.337,21.284404
122.590,20.813253
122.842,20.720721
123.094,20.537313
123.346,20.628743
123.599,20.813253
123.851,20.720721
124.103,20.813253
124.356,20.356083
124.608,20.176991
124.860,20.000000
125.112,20.088235
125.365,20.266272
125.617,20.266272
125.869,20.176991
126.122,19.912281
126.374,19.738372
126.626,19.652174
126.879,19.738372
127.131,19.912281
127.383,20.000000
127.636,19.825073
127.888,19.652174
128.140,19.396552
128.393,19.396552
128.644,19.312321
128.897,19.566474
129.149,19.566474
129.401,19.481268
129.653,19.312321
129.906,19.062500
130.158,18.980170
130.410,18.898305
130.662,19.145299
130.915,19.312321
131.167,19.312321
131.420,19.396552
131.672,19.145299
131.924,18.980170
132.176,19.145299
132.429,18.980170
132.681,19.228571
132.933,19.228571
133.185,19.396552
133.438,21.869159
133.690,22.271293
133.943,23.214286
134.195,22.476190
134.447,22.169811
134.700,21.869159
134.952,20.176991
135.204,18.898305
135.457,18.980170
135.708,18.575419
135.961,18.575419
136.213,18.816901
136.466,18.898305
136.718,18.898305
136.970,18.735955
137.222,18.495822
137.475,18.337950
137.727,19.481268
137.979,19.062500
138.231,18.980170
138.484,19.145299
138.736,18.898305
138.988,18.816901
139.241,18.816901
139.493,18.980170
139.745,19.062500
139.998,19.228571
140.250,19.312321
140.502,19.145299
140.754,19.062500
141.007,18.735955
141.259,18.655462
141.512,18.735955
141.764,18.980170
142.016,19.062500
142.268,18.980170
142.521,18.816901
142.773,18.495822
143.025,18.416667
143.277,18.416667
143.530,18.575419
143.782,18.980170
144.034,19.062500
144.287,18.980170
144.539,18.816901
144.791,18.898305
145.043,18.816901
145.296,18.980170
145.548,18.980170
145.800,19.145299
146.052,19.145299
146.304,18.980170
146.557,18.816901
146.809,19.062500
147.061,19.145299
147.313,19.566474
147.565,19.825073
147.818,19.738372
148.070,19.481268
148.322,19.228571
148.574,19.481268
148.827,19.566474
149.079,20.000000
149.331,20.266272
149.583,20.446429
149.835,22.893891
150.088,23.651316
150.340,21.094225
150.592,21.671827
150.844,23.762376
151.097,24.677966
151.349,25.520833
151.601,25.894737
151.853,25.894737
152.105,23.762376
152.358,21.380368
152.610,21.380368
152.862,21.574074
153.115,21.968750
153.367,21.968750
153.619,22.169811
153.871,22.271293
154.123,22.476190
154.375,22.683706
154.627,22.683706
154.879,23.106796
155.132,23.000000
155.384,23.106796
155.636,22.788462
155.888,22.579618
156.140,23.000000
156.392,23.214286
156.644,23.431373
156.897,23.651316
157.149,23.874172
157.401,23.874172
157.653,23.540984
157.906,23.106796
158.158,23.322476
158.410,23.431373
158.662,23.986711
158.915,24.444444
159.167,24.328859
159.420,24.100000
159.673,23.874172
159.925,23.762376
160.178,24.100000
160.430,23.986711
160.682,23.651316
160.935,23.214286
161.187,22.893891
161.440,22.893891
161.692,22.893891
161.945,23.322476
162.197,23.762376
162.450,23.986711
162.702,23.762376
162.955,23.762376
163.207,23.986711
163.460,24.214047
163.712,24.444444
163.964,24.560811
164.217,24.560811
164.469,25.520833
164.721,27.610294
164.974,26.798561
165.226,30.117647
165.478,28.314607
165.730,26.276596
165.982,25.769231
166.235,26.021127
166.487,26.276596
166.739,26.405694
166.992,26.666667
167.244,27.065217
167.496,26.931408
167.749,26.405694
168.001,26.021127
168.253,25.520833
168.506,25.275862
168.758,27.065217
169.010,25.154639
169.262,24.214047
169.515,23.762376
169.767,23.431373
170.019,23.214286
170.272,23.214286
170.524,23.540984
170.776,23.322476
171.029,23.214286
171.281,23.000000
171.533,22.579618
171.785,22.373418
172.038,22.579618
172.290,22.788462
172.542,23.000000
172.795,23.214286
173.047,23.106796
173.299,23.106796
173.552,23.106796
173.804,23.431373
174.056,23.762376
174.308,23.762376
174.561,23.762376
174.813,23.540984
175.065,23.106796
175.317,22.893891
175.570,22.893891
175.822,23.106796
176.074,23.214286
176.326,23.214286
176.579,23.000000
176.831,22.683706
177.083,22.579618
177.335,22.476190
177.588,22.788462
177.840,22.788462
178.092,22.893891
178.344,22.893891
178.597,22.893891
178.849,23.214286
179.101,23.651316
179.353,23.986711
179.605,24.100000
179.858,24.214047
180.110,23.986711
180.362,23.651316
180.615,23.322476
180.867,23.214286
181.119,23.214286
181.371,23.106796
181.624,23.106796
181.876,22.683706
182.128,22.271293
182.381,21.968750
182.633,22.068966
182.885,22.271293
183.137,22.373418
183.390,22.373418
183.642,22.271293
183.894,22.476190
184.146,22.683706
184.398,22.893891
184.650,23.322476
184.903,23.762376
185.155,23.762376
185.407,23.431373
185.659,23.106796
185.912,22.893891
186.164,22.893891
186.416,23.000000
186.668,23.214286
186.921,23.000000
187.173,22.788462
187.425,22.271293
187.677,21.968750
187.929,22.068966
188.181,21.968750
188.434,22.271293
188.686,22.169811
188.938,22.068966
189.190,21.869159
189.442,21.476923
189.695,21.476923
189.947,21.574074
190.199,21.671827
190.452,21.770186
190.704,21.671827
190.956,21.380368
191.208,21.284404
191.461,21.380368
191.713,21.189024
191.965,21.380368
192.217,21.284404
192.470,21.284404
192.722,21.000000
192.974,20.906344
193.226,20.906344
193.479,21.094225
193.731,21.094225
193.983,21.094225
194.236,21.000000
194.488,20.628743
194.740,20.537313
194.992,20.446429
195.245,20.628743
195.497,20.813253
195.749,20.906344
196.002,21.000000
196.254,20.720721
196.506,20.628743
196.759,20.628743
197.011,20.720721
197.263,21.000000
197.516,20.813253
197.768,20.628743
198.021,20.537313
198.273,20.446429
198.525,20.446429
198.777,20.906344
199.029,21.094225
199.282,21.869159
199.534,23.431373
199.786,23.322476
200.039,23.762376
200.291,22.068966
200.543,21.284404
200.795,21.284404
201.048,21.189024
201.300,20.813253
201.552,20.628743
201.805,20.446429
202.057,20.537313
202.309,23.106796
202.561,26.276596
202.814,27.335766
203.066,27.749077
203.318,27.610294
203.570,26.931408
203.822,26.931408
204.075,27.472527
204.327,28.029740
204.579,28.314607
204.831,28.314607
205.083,27.749077
205.336,27.749077
205.588,27.610294
205.841,21.476923
206.093,21.000000
206.345,21.000000
206.597,20.906344
206.850,20.537313
207.102,20.356083
207.354,20.446429
207.607,20.446429
207.860,21.000000
208.112,21.284404
208.364,25.034247
208.616,22.788462
208.869,21.094225
209.121,21.284404
209.373,26.148410
209.626,26.798561
209.878,25.275862
210.130,27.200000
210.383,22.373418
210.635,21.284404
210.887,21.189024
211.139,21.380368
211.391,21.574074
211.643,21.476923
211.896,21.284404
212.148,20.906344
212.400,20.813253
212.653,20.906344
212.905,21.189024
213.157,21.189024
213.409,21.094225
213.662,21.000000
213.914,20.628743
214.167,20.537313
214.419,20.537313
214.671,20.720721
214.923,20.813253
215.175,20.906344
215.428,20.628743
215.680,20.266272
215.932,20.176991
216.184,20.176991
216.436,20.356083
216.688,20.537313
216.941,20.720721
217.193,20.813253
217.445,20.446429
217.697,20.446429
217.949,20.537313
218.202,20.537313
218.454,20.813253
218.706,20.906344
218.958,21.284404
219.211,21.189024
219.463,21.476923
219.715,21.770186
219.967,21.869159
220.220,22.579618
220.472,22.579618
220.724,22.476190
220.976,22.476190
221.229,22.373418
221.481,22.579618
221.733,22.788462
221.985,23.214286
222.237,23.431373
222.490,23.651316
222.742,23.874172
222.994,23.762376
223.246,24.100000
223.499,24.214047
223.751,24.444444
224.004,25.034247
224.256,24.677966
224.508,24.795918
224.760,24.444444
225.013,24.560811
225.265,24.560811
225.517,25.034247
225.769,25.275862
226.022,25.154639
226.274,25.034247
226.526,24.677966
226.778,24.214047
227.031,24.100000
227.283,23.874172
227.535,23.986711
227.788,23.762376
228.040,23.540984
228.292,23.000000
228.544,22.579618
228.797,22.373418
229.049,22.271293
229.301,22.373418
229.554,22.373418
229.806,22.169811
230.058,21.770186
230.310,21.380368
230.563,21.284404
230.815,21.380368
231.067,21.574074
231.319,21.869159
231.572,21.869159
231.824,21.574074
232.076,21.574074
232.328,21.476923
232.581,21.671827
232.833,21.968750
233.085,21.968750
233.337,21.869159
233.589,21.671827
233.841,21.094225
234.094,21.000000
234.346,21.000000
234.599,21.000000
234.851,21.380368
235.103,21.869159
235.355,22.476190
235.607,22.579618
235.860,22.683706
236.112,22.579618
236.364,23.000000
236.616,23.540984
236.868,24.100000
237.120,24.795918
237.373,24.795918
237.625,25.034247
237.877,24.795918
238.129,25.034247
238.381,25.520833
238.634,25.894737
238.886,25.769231
239.138,25.644599
239.391,25.154639
239.643,24.795918
239.895,24.214047
240.148,24.444444
240.400,25.397924
240.652,26.021127
240.904,26.405694
241.157,25.894737
241.409,25.769231
241.662,25.769231
241.914,25.894737
242.166,26.148410
242.419,25.894737
242.671,25.397924
242.923,24.914676
243.175,24.677966
243.428,24.560811
243.680,24.914676
243.933,25.275862
244.185,25.769231
244.437,25.894737
244.689,25.769231
244.942,26.021127
245.194,26.276596
245.447,26.931408
245.699,27.065217
245.951,26.798561
246.204,26.276596
246.456,25.894737
246.708,25.769231
246.960,25.894737
247.212,26.798561
247.465,27.472527
247.717,27.888889
247.969,27.888889
248.221,27.472527
248.474,27.610294
248.726,27.610294
248.978,28.314607
249.231,28.897338
249.483,29.045802
249.735,28.897338
249.987,28.603774
250.239,28.750000
250.492,28.458647
250.744,29.045802
250.996,29.195402
251.249,28.897338
251.501,28.029740
251.753,27.749077
252.005,27.065217
252.257,26.666667
252.510,26.666667
252.762,26.535714
253.014,26.148410
253.266,25.769231
253.518,25.154639
253.771,24.914676
254.023,24.795918
254.275,25.034247
254.527,24.914676
254.779,24.677966
255.032,25.154639
255.284,24.677966
255.536,24.328859
255.788,24.214047
256.040,24.214047
256.293,24.444444
256.545,24.328859
256.797,24.100000
257.049,23.762376
257.302,23.762376
257.554,23.874172
257.806,24.328859
258.059,24.677966
258.311,24.677966
258.563,24.444444
258.816,24.100000
259.068,24.100000
259.320,23.874172
259.572,24.328859
259.825,24.444444
260.077,24.100000
260.329,23.651316
260.581,23.431373
260.834,23.322476
261.086,23.431373
261.338,23.651316
261.591,23.322476
261.843,23.214286
262.095,22.579618
262.348,22.476190
262.599,22.373418
262.851,22.373418
263.104,22.893891
263.356,22.683706
263.608,22.683706
263.861,22.068966
264.113,21.968750
264.365,21.968750
264.617,21.968750
264.870,22.169811
265.122,22.271293
265.374,22.068966
265.626,21.770186
265.879,21.574074
266.131,21.574074
266.383,21.671827
266.636,21.770186
266.888,21.770186
267.140,21.869159
267.392,21.380368
267.645,21.284404
267.897,21.189024
268.149,21.476923
268.401,21.574074
268.654,21.476923
268.906,21.284404
269.158,21.000000
269.410,20.906344
269.662,20.906344
269.914,21.094225
270.167,21.476923
270.419,21.476923
270.671,21.284404
270.923,21.000000
271.175,20.906344
271.428,20.906344
271.680,21.189024
271.932,21.476923
272.184,21.476923
272.437,21.574074
272.689,21.094225
272.942,21.094225
273.194,21.000000
273.446,21.284404
273.699,21.284404
273.951,21.476923
274.203,21.094225
274.455,21.000000
274.708,20.720721
274.960,20.906344
275.212,21.189024
275.464,21.094225
275.717,21.000000
275.969,20.813253
276.221,20.720721
276.473,20.628743
276.726,20.720721
276.978,21.000000
277.230,20.906344
277.482,20.813253
277.734,20.720721
277.987,20.537313
278.239,20.446429
278.491,20.720721
278.743,21.000000
278.996,20.720721
279.248,20.720721
279.500,20.446429
279.752,20.537313
280.004,20.537313
280.257,20.628743
280.509,20.720721
280.761,20.720721
281.013,20.628743
281.266,20.266272
281.518,20.088235
281.770,20.176991
282.023,20.446429
282.275,20.537313
282.528,20.628743
282.780,20.537313
283.032,20.266272
283.284,20.176991
283.537,20.356083
283.789,20.813253
284.041,20.813253
284.294,20.906344
284.546,20.628743
284.798,20.537313
285.051,20.628743
285.303,20.906344
285.555,21.000000
285.807,21.189024
286.059,21.094225
286.311,20.720721
286.563,20.537313
286.815,20.446429
287.068,20.628743
287.320,20.813253
287.572,20.906344
287.824,20.906344
288.076,20.813253
288.329,20.720721
288.581,20.628743
288.833,20.720721
289.086,21.189024
289.338,21.284404
289.590,21.284404
289.842,20.906344
290.095,21.000000
290.347,21.094225
290.599,21.574074
290.851,22.169811
291.104,22.271293
291.356,22.476190
291.608,22.068966
291.861,22.068966
292.113,22.169811
292.365,22.373418
292.618,22.683706
292.870,22.476190
293.122,22.476190
293.375,22.068966
293.627,21.968750
293.879,21.968750
294.131,22.271293
294.383,22.579618
294.635,22.579618
294.888,22.271293
295.140,21.968750
295.392,21.869159
295.644,21.968750
295.897,22.271293
296.149,22.579618
296.401,22.683706
296.653,22.893891
296.905,22.683706
297.157,22.683706
297.410,22.683706
297.662,23.214286
297.914,23.431373
298.166,23.431373
298.418,23.214286
298.671,22.788462
298.923,22.683706
299.175,22.683706
299.428,22.893891
299.680,22.893891
299.932,23.000000
300.184,22.683706
300.437,22.476190
300.689,22.476190
300.941,22.476190
301.194,22.788462
301.446,23.106796
301.698,23.651316
301.951,23.762376
302.203,23.874172
302.455,24.100000
302.707,24.328859
302.960,24.795918
303.212,24.795918
303.464,24.795918
303.717,24.328859
303.969,24.444444
304.221,24.677966
304.473,25.034247
304.725,25.769231
304.977,26.148410
305.230,26.666667
305.482,26.535714
305.734,26.405694
305.986,26.535714
306.239,26.535714
306.491,26.798561
306.743,26.798561
306.996,26.535714
307.248,26.021127
307.500,25.397924
307.753,25.154639
308.005,25.397924
308.258,25.275862
308.510,25.154639
308.762,25.154639
309.014,24.444444
309.266,24.328859
309.519,24.214047
309.771,24.444444
310.023,24.914676
310.275,24.795918
310.527,24.560811
310.780,24.100000
311.032,23.986711
311.284,23.874172
311.536,24.100000
311.789,24.214047
312.041,24.214047
312.293,24.214047
312.545,24.100000
312.798,23.874172
313.050,23.874172
313.302,24.100000
313.554,24.444444
313.806,24.677966
314.059,24.914676
314.311,24.795918
314.563,24.677966
314.815,24.914676
315.068,25.034247
315.320,25.397924
315.572,25.520833
315.824,25.397924
316.077,24.914676
316.329,24.677966
316.581,24.444444
316.833,24.444444
317.086,24.677966
317.339,24.444444
317.591,24.444444
317.843,23.986711
318.096,24.100000
318.348,24.100000
318.600,24.677966
318.852,24.914676
319.105,24.914676
319.357,24.795918
319.609,24.560811
319.862,24.214047
320.114,24.214047
320.366,24.677966
320.618,24.795918
320.871,24.444444
321.123,24.214047
321.375,23.651316
321.627,23.651316
321.880,23.431373
322.132,23.986711
322.384,23.874172
322.636,24.100000
322.888,23.986711
323.141,23.874172
323.393,24.328859
323.645,25.034247
323.898,25.894737
324.150,26.666667
324.402,27.472527
324.655,27.888889
324.907,28.171642
325.159,28.314607
325.411,28.750000
325.663,29.346154
325.915,29.651163
326.167,29.651163
326.420,29.045802
326.672,28.458647
326.925,28.458647
327.177,28.603774
327.429,29.498069
327.681,30.275591
327.933,31.084337
328.185,30.920000
328.438,30.756972
328.690,30.756972
328.942,30.920000
329.194,31.084337
329.447,30.756972
329.699,30.275591
329.951,29.651163
330.204,28.897338
330.456,28.314607
330.709,28.171642
330.961,28.171642
331.213,28.171642
331.466,27.888889
331.718,27.335766
331.970,26.931408
332.223,26.798561
332.475,26.798561
332.727,27.200000
332.979,27.065217
333.232,26.798561
333.484,26.405694
333.736,26.276596
333.989,26.276596
334.241,26.798561
334.493,27.200000
334.746,27.472527
334.998,27.472527
335.250,27.472527
335.502,27.472527
335.755,27.472527
336.007,27.749077
336.259,27.888889
336.512,27.610294
336.764,27.335766
337.016,26.931408
337.268,26.666667
337.521,26.535714
337.773,26.666667
338.025,26.666667
338.277,26.405694
338.529,26.405694
338.782,25.894737
339.034,25.894737
339.286,25.894737
339.538,26.148410
339.790,26.405694
340.043,26.276596
340.295,25.894737
340.547,25.397924
340.800,25.275862
341.052,25.154639
341.305,25.520833
341.557,25.644599
341.809,25.520833
342.061,25.154639
342.314,24.795918
342.566,25.034247
342.818,25.275862
343.071,25.894737
343.323,26.021127
343.575,26.021127
343.828,25.644599
344.080,25.397924
344.332,25.397924
344.585,25.520833
344.837,25.644599
345.089,25.894737
345.341,25.397924
345.594,25.034247
345.846,25.034247
346.099,24.914676
346.351,25.154639
346.603,25.275862
346.855,25.154639
347.108,25.034247
347.360,24.914676
347.613,25.154639
347.865,25.397924
348.117,25.644599
348.370,26.148410
348.622,26.276596
348.874,25.769231
349.127,25.644599
349.379,25.644599
349.632,25.769231
349.884,26.021127
350.136,26.021127
350.389,25.894737
350.641,25.275862
350.894,25.275862
351.146,24.914676
351.399,25.275862
351.651,25.275862
351.904,25.397924
352.156,24.795918
352.408,24.560811
352.661,24.677966
352.913,24.560811
353.165,24.795918
353.418,24.795918
353.670,24.677966
353.923,24.214047
354.175,24.214047
354.427,24.444444
354.680,24.677966
354.932,24.795918
355.184,25.154639
355.437,24.560811
355.689,24.560811
355.941,24.328859
356.194,24.214047
356.446,24.560811
356.698,24.677966
356.950,24.560811
357.203,24.328859
357.455,23.986711
357.707,23.874172
357.960,23.986711
358.212,24.328859
358.464,24.560811
358.717,24.560811
358.969,24.444444
359.221,24.214047
359.474,24.100000
359.726,24.560811
359.978,24.795918
360.230,24.795918
360.483,24.677966
360.735,24.214047
360.987,24.100000
361.240,24.328859
361.492,24.795918
361.744,25.154639
361.996,25.154639
362.248,25.275862
362.501,24.914676
362.753,24.914676
363.005,24.677966
363.258,25.034247
363.510,25.275862
363.762,25.275862
364.015,25.034247
364.267,24.560811
364.519,24.328859
364.772,24.328859
365.024,24.795918
365.276,24.795918
365.528,24.795918
365.781,24.914676
366.033,24.328859
366.285,24.328859
366.538,24.214047
366.790,24.444444
367.042,24.795918
367.295,24.560811
367.547,24.444444
367.799,24.214047
368.051,23.986711
368.303,23.986711
368.555,24.214047
368.808,24.560811
369.060,24.677966
369.312,24.444444
369.565,23.986711
369.817,23.986711
370.069,23.874172
370.321,24.100000
370.573,24.444444
370.826,24.444444
371.078,24.328859
371.330,23.762376
371.583,23.762376
371.835,23.651316
372.087,23.874172
372.339,24.214047
372.591,24.214047
372.843,24.100000
373.096,23.874172
373.348,23.431373
373.600,23.431373
373.852,23.540984
374.105,23.986711
374.357,24.214047
374.609,24.328859
374.861,24.444444
375.113,24.444444
375.366,24.914676
375.618,25.275862
375.870,25.644599
376.123,26.148410
376.375,26.148410
376.627,25.769231
376.879,25.769231
377.132,25.644599
377.384,25.769231
377.636,26.021127
377.889,26.148410
378.141,25.894737
378.393,25.397924
378.645,25.154639
378.897,25.154639
379.149,25.154639
379.402,25.397924
379.654,25.275862
379.906,25.154639
380.159,24.795918
380.411,24.560811
380.663,24.444444
380.915,24.560811
381.168,25.154639
381.420,25.034247
381.672,24.914676
381.925,24.328859
382.177,24.444444
382.429,24.328859
382.682,24.795918
382.934,24.914676
383.186,24.914676
383.439,24.795918
383.691,24.444444
383.944,24.214047
384.196,24.444444
384.448,24.444444
384.701,24.560811
384.953,24.560811
385.205,24.328859
385.458,24.100000
385.710,23.986711
385.963,24.214047
386.215,24.444444
386.468,24.795918
386.720,25.154639
386.972,24.795918
387.225,24.914676
387.477,24.914676
387.730,25.397924
387.982,25.520833
388.235,25.644599
388.487,25.397924
388.739,24.914676
388.992,24.795918
389.244,24.795918
389.496,25.275862
389.749,25.275862
390.001,25.034247
390.253,24.677966
390.506,24.328859
390.758,24.214047
391.010,24.444444
391.262,24.444444
391.514,24.560811
391.766,24.560811
392.018,24.444444
392.271,24.100000
392.523,23.986711
392.775,23.986711
393.028,24.214047
393.280,24.444444
393.532,24.444444
393.784,24.214047
394.036,23.762376
394.289,23.874172
394.541,23.762376
394.793,24.100000
395.046,24.214047
395.298,24.100000
395.551,23.986711
395.803,23.540984
396.056,23.540984
396.308,23.540984
396.560,23.986711
396.813,23.986711
397.065,23.874172
397.317,23.540984
397.570,23.431373
397.822,23.431373
398.074,23.540984
398.326,23.874172
398.579,24.100000
398.831,24.214047
399.084,23.762376
399.336,23.540984
399.588,23.540984
399.841,23.874172
400.093,24.100000
400.345,24.444444
400.597,24.560811
400.850,24.214047
401.102,24.100000
401.354,24.100000
401.606,24.100000
401.859,24.560811
402.111,24.677966
402.364,24.560811
402.616,24.100000
402.868,23.986711
403.121,23.874172
403.373,24.100000
403.625,24.328859
403.878,24.214047
404.130,24.100000
404.383,23.540984
404.635,23.540984
404.888,23.431373
405.140,23.762376
405.392,23.874172
405.645,23.874172
405.896,23.762376
406.149,23.322476
406.401,23.214286
406.653,23.214286
406.905,23.431373
407.158,23.762376
407.410,23.651316
407.662,23.540984
407.914,23.106796
408.167,23.214286
408.419,23.106796
408.671,23.000000
408.923,23.540984
409.176,23.431373
409.428,23.322476
409.680,23.106796
409.933,22.893891
410.185,22.788462
410.437,22.893891
410.690,23.106796
410.942,23.214286
411.195,23.106796
411.447,22.683706
411.699,22.579618
411.952,22.683706
412.204,22.788462
412.456,23.214286
412.708,23.214286
412.961,23.000000
413.213,23.000000
413.465,22.683706
413.717,22.476190
413.970,22.683706
414.222,22.893891
414.474,23.106796
414.726,23.106796
414.979,22.788462
415.231,22.683706
415.483,22.788462
415.736,22.788462
415.988,23.322476
416.240,23.540984
416.492,23.431373
416.745,23.322476
416.997,23.106796
417.249,23.000000
417.501,23.106796
417.754,23.431373
418.006,23.540984
418.258,23.431373
418.511,23.322476
418.763,22.893891
419.015,22.788462
419.267,22.893891
419.520,23.000000
419.772,23.000000
420.024,23.000000
420.277,22.893891
420.529,22.476190
420.781,22.271293
421.034,22.373418
421.286,22.683706
421.538,22.893891
421.791,23.106796
422.043,23.214286
422.295,23.106796
422.548,23.000000
422.800,23.106796
423.052,23.322476
423.305,23.651316
423.557,23.540984
423.810,23.322476
424.062,23.000000
424.315,22.788462
424.567,22.893891
424.819,23.106796
425.072,23.322476
425.324,23.322476
425.576,23.214286
425.828,22.788462
426.081,22.683706
426.333,22.788462
426.585,23.000000
426.838,23.214286
427.090,23.214286
427.342,23.000000
427.595,22.683706
427.847,22.579618
428.099,22.683706
428.352,22.893891
428.604,23.000000
428.856,22.788462
429.109,22.893891
429.361,22.476190
429.613,22.271293
429.866,22.271293
430.118,22.683706
430.370,23.000000
430.623,22.893891
430.875,22.579618
431.127,22.271293
431.380,22.373418
431.632,22.271293
431.884,22.476190
432.137,22.579618
432.389,22.683706
432.641,22.476190
432.894,22.169811
433.146,22.169811
433.398,22.373418
433.651,22.683706
433.903,22.893891
434.156,23.000000
434.408,22.788462
434.660,22.579618
434.913,22.476190
435.165,22.683706
435.417,23.106796
435.669,23.322476
435.922,23.540984
436.174,23.106796
436.426,22.893891
436.679,22.893891
436.931,22.893891
437.184,22.893891
437.436,23.000000
437.689,22.893891
437.941,22.579618
438.193,22.476190
438.446,22.271293
438.698,22.373418
438.950,22.579618
439.203,22.683706
439.455,22.683706
439.708,22.579618
439.960,22.788462
440.213,23.106796
440.465,23.431373
440.717,23.986711
440.969,24.214047
441.222,24.328859
441.474,24.100000
441.726,23.874172
441.978,23.874172
442.230,23.986711
442.483,24.328859
442.735,24.677966
442.987,24.677966
443.240,24.795918
443.492,24.444444
443.744,24.214047
443.996,23.986711
444.249,24.100000
444.501,24.214047
444.753,24.214047
445.005,24.100000
445.257,23.762376
445.509,23.540984
445.762,23.431373
446.014,23.431373
446.266,23.874172
446.518,23.762376
446.771,23.874172
447.023,23.651316
447.276,23.214286
447.528,23.322476
447.780,23.106796
448.033,23.651316
448.285,23.651316
448.537,23.651316
448.790,23.322476
449.042,23.106796
449.294,23.000000
449.546,23.000000
449.798,23.000000
450.051,23.322476
450.303,23.322476
450.555,23.322476
450.807,23.000000
451.060,22.893891
451.312,22.788462
451.564,22.788462
451.817,23.106796
452.069,23.106796
452.322,23.214286
452.574,22.683706
452.826,22.476190
453.079,22.476190
453.331,22.683706
453.583,22.893891
453.835,23.000000
454.087,22.788462
454.340,22.579618
454.592,22.271293
454.844,22.271293
455.096,22.373418
455.349,22.579618
455.601,22.683706
455.853,22.788462
456.106,22.579618
456.358,22.271293
456.610,22.373418
456.863,22.579618
457.115,22.683706
457.368,23.106796
457.620,23.000000
457.873,22.683706
458.125,22.476190
458.378,22.476190
458.630,22.579618
458.882,22.788462
459.134,22.893891
459.387,22.788462
459.639,22.683706
459.891,22.373418
460.143,22.373418
460.395,22.271293
460.648,22.683706
460.900,22.893891
461.152,22.788462
461.405,22.579618
461.657,22.579618
461.909,22.373418
462.162,22.169811
462.414,22.476190
462.666,22.579618
462.918,22.683706
463.171,22.476190
463.423,22.169811
463.675,22.169811
463.928,22.169811
464.180,22.169811
464.432,22.476190
464.684,22.476190
464.936,22.476190
465.188,22.271293
465.441,22.068966
465.693,21.968750
465.945,21.869159
466.197,22.271293
466.450,22.476190
466.702,22.476190
466.954,22.271293
467.207,21.968750
467.459,21.869159
467.711,21.770186
467.964,21.968750
468.216,22.373418
468.468,22.271293
468.721,22.169811
468.973,21.770186
469.225,21.671827
469.478,21.770186
469.730,21.869159
469.982,22.068966
470.234,22.169811
470.487,22.068966
470.739,21.968750
470.991,21.869159
471.243,21.968750
471.496,22.169811
471.748,22.373418
472.000,22.579618
472.252,22.579618
472.505,22.476190
472.757,22.579618
473.009,22.476190
473.261,22.373418
473.514,22.893891
473.766,22.893891
474.018,22.788462
474.271,22.579618
474.523,22.476190
474.775,22.788462
475.028,23.322476
475.281,24.214047
475.533,24.914676
475.785,25.397924
476.038,25.769231
476.290,25.769231
476.543,25.894737
476.795,26.021127
477.048,26.276596
477.300,26.405694
477.552,26.535714
477.804,26.535714
478.057,26.276596
478.309,26.276596
478.561,26.276596
478.813,26.666667
479.065,26.798561
479.318,26.666667
479.570,26.405694
479.822,25.769231
480.075,25.644599
480.327,25.520833
480.579,25.520833
480.831,25.894737
481.083,25.894737
481.336,25.644599
481.588,25.397924
481.841,25.034247
482.093,24.914676
482.345,25.034247
482.597,25.275862
482.849,25.397924
483.102,25.397924
483.354,25.275862
483.606,25.275862
483.859,25.034247
484.111,25.154639
484.363,25.644599
484.616,25.644599
484.868,25.520833
485.121,25.520833
485.373,25.154639
485.625,24.914676
485.877,24.795918
486.130,24.914676
486.382,25.397924
486.634,25.154639
486.887,25.034247
487.139,24.677966
487.391,24.328859
487.643,24.560811
487.896,24.444444
488.148,24.677966
488.400,24.795918
488.653,24.677966
488.905,24.444444
489.157,24.100000
489.409,23.986711
489.662,23.986711
489.914,24.328859
490.167,24.677966
490.419,24.795918
490.671,25.034247
490.923,25.397924
491.175,25.397924
491.428,25.520833
491.680,25.894737
491.933,26.276596
492.185,26.276596
492.438,26.276596
492.690,25.644599
492.942,25.520833
493.195,25.520833
493.447,25.644599
493.700,25.644599
493.952,25.769231
494.204,25.520833
494.456,25.154639
494.709,24.914676
494.961,24.677966
495.213,24.677966
495.466,25.154639
495.718,25.154639
495.971,24.914676
496.223,24.677966
496.475,24.328859
496.728,24.328859
496.980,24.214047
497.232,24.560811
497.484,24.677966
497.736,24.560811
497.988,24.444444
498.241,23.986711
498.493,24.100000
498.745,23.986711
498.997,23.986711
499.250,24.214047
499.502,24.328859
499.754,24.444444
500.006,23.986711
500.259,23.762376
500.511,23.651316
500.763,23.874172
501.015,23.874172
501.268,24.214047
501.520,23.986711
501.772,23.874172
502.025,23.651316
502.277,23.431373
502.529,23.431373
502.782,23.651316
503.034,23.874172
503.286,23.762376
503.538,23.762376
503.791,23.431373
504.043,23.214286
504.295,23.214286
504.548,23.106796
504.800,23.322476
505.052,23.540984
505.304,23.540984
505.556,23.431373
505.809,23.106796
506.061,22.893891
506.313,23.106796
506.566,23.000000
506.818,23.214286
507.071,23.214286
507.323,23.322476
507.576,23.000000
507.828,22.683706
508.080,22.579618
508.333,22.683706
508.585,23.000000
508.837,23.106796
509.090,23.214286
509.342,23.000000
509.594,22.476190
509.846,22.373418
510.099,22.579618
510.351,22.579618
510.603,22.788462
510.856,22.788462
511.108,22.893891
511.360,22.373418
511.612,22.271293
511.865,22.373418
512.117,22.476190
512.370,22.788462
512.622,22.683706
512.875,22.683706
513.127,22.373418
513.380,22.271293
513.632,22.068966
513.884,22.068966
514.136,22.476190
514.389,22.476190
514.641,22.373418
514.894,22.169811
515.146,21.968750
515.398,21.968750
515.651,22.068966
515.903,22.169811
516.155,22.271293
516.407,22.271293
516.660,22.271293
516.912,21.869159
517.164,21.770186
517.417,21.770186
517.669,21.869159
517.922,22.169811
518.174,22.169811
518.426,22.169811
518.679,21.968750
518.931,21.671827
519.184,21.671827
519.436,21.770186
519.688,21.968750
519.940,22.068966
520.192,21.968750
520.445,21.869159
520.697,21.574074
520.949,21.476923
521.201,21.380368
521.454,21.671827
521.706,21.770186
521.958,21.770186
522.210,21.770186
522.462,21.574074
522.714,21.476923
522.966,21.189024
523.219,21.284404
523.471,21.380368
523.723,21.574074
523.976,21.671827
524.228,21.671827
524.480,21.380368
524.733,21.094225
524.985,21.094225
525.238,21.284404
525.490,21.476923
525.743,21.476923
525.995,21.574074
526.248,21.189024
526.500,21.000000
526.753,21.094225
527.005,21.189024
527.257,21.476923
527.510,21.476923
527.762,21.476923
528.015,21.284404
528.267,21.000000
528.520,20.906344
528.772,21.189024
529.024,21.380368
529.277,21.380368
529.529,21.284404
529.781,21.094225
530.034,21.000000
530.286,20.906344
530.538,20.906344
530.790,21.094225
531.043,21.380368
531.295,21.380368
531.547,21.284404
531.799,20.813253
532.051,20.720721
532.303,20.720721
532.556,20.813253
532.808,20.906344
533.060,21.094225
533.312,21.094225
533.565,21.000000
533.817,20.628743
534.069,20.537313
534.321,20.628743
534.573,20.628743
534.826,20.906344
535.078,20.906344
535.330,20.906344
535.582,20.720721
535.834,20.537313
536.087,20.446429
536.339,20.446429
536.591,20.813253
536.844,20.906344
537.096,20.813253
537.348,20.813253
537.601,20.446429
537.853,20.356083
538.105,20.446429
538.358,20.446429
538.610,20.628743
538.862,20.720721
539.114,20.906344
539.367,20.720721
539.619,20.537313
539.872,20.537313
540.124,20.537313
540.376,20.906344
540.629,21.000000
540.881,21.000000
541.133,20.720721
541.386,20.446429
541.638,20.356083
541.891,20.446429
542.143,20.813253
542.395,20.906344
542.648,21.000000
542.900,20.720721
543.152,20.628743
543.405,20.537313
543.657,20.537313
543.910,20.813253
544.162,21.000000
544.414,20.906344
544.667,20.813253
544.919,20.446429
545.172,20.356083
545.424,20.446429
545.677,20.720721
545.929,20.813253
546.182,20.906344
546.434,20.628743
546.687,20.537313
546.939,20.537313
547.191,20.446429
547.444,20.813253
547.696,20.813253
547.948,20.906344
548.200,20.720721
548.453,20.537313
548.705,20.537313
548.957,20.628743
549.210,20.813253
549.462,20.906344
549.714,21.094225
549.966,20.813253
550.219,20.537313
550.471,20.537313
550.723,20.446429
550.975,20.446429
551.227,20.720721
551.480,20.720721
551.732,20.720721
551.984,20.446429
552.237,20.356083
552.489,20.176991
552.741,20.176991
552.993,20.537313
553.246,20.537313
553.498,20.628743
553.750,20.628743
554.002,20.266272
554.254,20.356083
554.507,20.446429
554.759,20.537313
555.011,20.720721
555.264,20.813253
555.516,20.813253
555.768,20.720721
556.021,20.537313
556.273,20.720721
556.526,21.000000
556.778,21.189024
557.031,21.284404
557.283,21.284404
557.535,21.000000
557.787,21.000000
558.040,21.094225
558.292,21.284404
558.545,21.671827
558.797,21.770186
559.050,21.770186
559.302,21.476923
559.554,21.574074
559.807,21.476923
560.059,21.869159
560.311,21.968750
560.563,21.869159
560.816,21.671827
561.068,21.284404
561.320,21.189024
561.573,21.284404
561.825,21.284404
562.077,21.476923
562.329,21.574074
562.581,21.476923
562.834,21.189024
563.086,21.000000
563.338,20.906344
563.590,21.094225
563.843,21.284404
564.095,21.380368
564.347,21.284404
564.599,21.094225
564.851,20.906344
565.103,20.906344
565.355,20.813253
565.607,21.094225
565.860,21.284404
566.112,21.574074
566.364,21.671827
566.616,21.671827
566.869,21.869159
567.121,22.169811
567.373,22.271293
567.626,22.683706
567.878,22.683706
568.130,22.476190
568.382,22.068966
568.635,21.968750
568.887,21.770186
569.140,22.169811
569.392,22.068966
569.644,22.169811
569.897,22.068966
570.149,21.770186
570.402,21.671827
570.654,21.671827
570.906,22.068966
571.158,22.373418
571.410,22.683706
571.663,22.788462
571.915,22.579618
572.167,22.579618
572.419,22.579618
572.672,22.788462
572.924,22.788462
573.176,22.788462
573.429,22.788462
573.681,22.271293
573.933,22.169811
574.185,22.169811
574.438,22.579618
574.691,22.893891
574.943,23.000000
575.196,23.000000
575.448,22.683706
575.700,22.788462
575.952,22.683706
576.205,22.788462
576.457,23.214286
576.709,23.214286
576.961,23.106796
577.214,23.106796
577.466,23.322476
577.719,24.328859
577.971,25.275862
578.223,26.148410
578.476,26.666667
578.728,26.798561
578.980,26.798561
579.232,27.200000
579.484,27.200000
579.737,28.029740
579.989,28.314607
580.241,28.171642
580.494,27.888889
580.746,27.200000
580.998,27.749077
581.961,37.361111
582.213,29.195402
582.465,28.897338
582.718,29.960938
582.970,30.920000
583.222,31.417004
583.474,32.098765
583.727,32.272727
583.979,32.272727
584.231,32.803347
584.484,33.531915
584.736,35.466667
584.988,36.500000
585.240,37.581395
585.493,38.028169
585.745,39.420290
585.998,40.394089
586.250,41.407035
586.502,42.731959
586.754,43.842105
587.007,44.414894
587.259,44.705882
587.511,45.901639
587.763,47.471910
588.015,48.793103
588.268,49.824561
588.520,50.532544
588.772,50.176471
589.024,50.176471
589.277,50.176471
589.529,50.532544
589.782,52.760736
590.034,54.339623
590.286,55.159236
590.538,56.000000
590.790,53.540373
591.043,53.540373
591.295,52.378049
591.547,50.892857
591.799,49.824561
592.052,48.793103
592.304,47.471910
592.556,45.297297
592.808,44.126984
593.061,43.005181
593.313,43.281250
593.565,43.005181
593.818,42.731959
594.070,42.731959
594.323,41.928934
594.575,41.928934
594.827,41.928934
595.079,43.281250
595.331,45.297297
595.584,46.208791
595.836,47.150838
596.088,48.793103
596.340,49.824561
596.593,50.892857
596.845,52.000000
597.097,54.746835
597.349,56.000000
597.602,56.428571
597.854,56.000000
598.106,55.576923
598.359,56.428571
598.611,56.862745
598.863,56.862745
599.115,56.428571
599.367,55.576923
599.620,55.576923
599.872,53.148148
600.124,52.000000
600.377,51.257485
600.629,50.532544
600.881,49.476744
601.134,48.793103
601.386,47.150838
601.638,46.833333
601.890,48.457143
602.142,50.892857
602.394,52.378049
602.647,53.148148
602.899,53.148148
603.152,52.378049
603.404,49.476744
603.656,48.457143
603.908,47.150838
604.161,46.833333
604.413,46.519337
604.665,45.597826
604.917,45.000000
605.169,43.281250
605.422,42.193878
605.674,41.666667
605.926,41.666667
606.179,42.193878
606.431,41.666667
606.683,41.407035
606.935,41.150000
607.187,41.150000
607.440,43.005181
607.692,45.597826
607.944,48.125000
608.197,49.824561
608.449,50.532544
608.701,49.132948
608.954,47.796610
609.206,47.150838
609.458,46.833333
609.711,48.457143
609.963,51.257485
610.215,53.937500
610.467,55.159236
610.719,55.159236
610.972,54.746835
611.224,55.159236
611.476,56.000000
611.729,56.862745
611.981,55.159236
612.233,53.937500
612.485,52.000000
612.737,52.000000
612.990,53.540373
613.242,54.746835
613.494,56.428571
613.746,56.428571
613.999,56.000000
614.251,54.746835
614.503,53.540373
614.755,52.760736
615.007,51.626506
615.260,51.626506
615.512,50.892857
615.765,48.457143
616.017,45.901639
616.269,44.414894
616.522,43.281250
616.774,43.005181
617.026,42.461538
617.279,41.666667
617.531,41.407035
617.783,40.147059
618.036,39.182692
618.288,38.947368
618.541,38.714286
618.793,39.660194
619.045,39.182692
619.297,38.947368
619.550,38.483412
619.802,37.803738
620.055,37.803738
620.307,38.028169
620.559,38.254717
620.812,38.714286
621.064,38.714286
621.316,38.947368
621.569,39.420290
621.821,40.394089
622.073,41.150000
622.326,42.461538
622.578,41.928934
622.830,41.666667
623.083,40.643564
623.335,40.895522
623.587,43.005181
623.840,45.297297
624.092,46.519337
624.345,47.471910
624.597,48.457143
624.849,48.125000
625.101,47.796610
625.353,47.796610
625.605,47.796610
625.858,48.793103
626.110,49.476744
626.362,49.824561
626.614,48.457143
626.867,47.471910
627.119,46.519337
627.372,45.000000
627.624,44.705882
627.876,44.414894
628.128,43.281250
628.381,42.193878
628.633,40.895522
628.886,40.394089
629.138,39.660194
629.390,40.147059
629.642,40.147059
629.895,40.147059
630.147,39.902439
630.399,38.947368
630.651,38.483412
630.903,38.028169
631.155,38.254717
631.408,38.714286
631.660,38.028169
631.912,37.803738
632.164,37.142857
632.416,36.712329
632.668,36.081081
632.921,36.081081
633.173,36.500000
633.425,36.500000
633.677,36.712329
633.929,35.874439
634.182,35.265487
634.434,34.868421
634.686,34.478261
634.939,34.672489
635.191,35.066079
635.443,34.868421
635.695,34.868421
635.948,33.905579
636.200,33.347458
636.452,33.164557
636.704,33.347458
636.957,33.531915
637.209,33.531915
637.461,33.717949
637.713,33.164557
637.965,32.625000
638.218,32.272727
638.470,32.272727
638.722,32.625000
638.974,32.448133
639.226,32.625000
639.479,32.625000
639.730,31.926230
639.983,31.417004
640.235,31.250000
640.488,31.084337
640.740,31.417004
640.992,31.585366
641.244,31.417004
641.497,30.920000
641.749,30.756972
642.001,30.756972
642.254,30.920000
642.506,31.755102
642.758,32.625000
643.010,32.803347
643.263,32.803347
643.515,32.448133
643.768,32.098765
644.020,32.098765
644.273,32.803347
644.525,33.717949
644.777,34.868421
645.030,35.669643
645.282,36.712329
645.534,37.581395
645.787,38.254717
646.039,39.902439
646.292,40.394089
646.544,40.895522
646.796,41.150000
647.049,41.150000
647.301,42.193878
647.554,43.560209
647.806,45.901639
648.059,47.471910
648.311,47.796610
648.563,47.796610
648.816,46.833333
649.068,46.208791
649.320,45.000000
649.572,45.000000
649.825,46.208791
650.077,48.125000
650.329,49.132948
650.582,49.132948
650.834,49.132948
651.086,48.457143
651.338,48.457143
651.591,48.125000
651.843,47.150838
652.095,45.901639
652.347,43.560209
652.599,41.666667
652.852,40.895522
653.104,39.902439
653.356,40.895522
653.609,42.193878
653.861,43.842105
654.113,45.597826
654.365,45.297297
654.617,44.705882
654.870,44.126984
655.122,44.414894
655.374,43.842105
655.626,43.560209
655.879,43.281250
656.131,43.005181
656.383,41.928934
656.636,41.666667
656.888,41.666667
657.141,42.193878
657.393,41.666667
657.646,41.407035
657.898,39.902439
658.150,39.182692
658.402,38.254717
658.655,37.803738
658.907,37.803738
659.159,38.028169
659.412,37.581395
659.664,37.142857
659.916,36.500000
660.168,35.874439
660.421,36.081081
660.673,35.874439
660.926,36.500000
661.178,36.081081
661.431,35.466667
661.683,34.868421
661.935,34.478261
662.188,34.094828
662.440,34.672489
662.693,34.478261
662.945,34.478261
663.198,34.285714
663.450,34.094828
663.702,33.717949
663.955,33.905579
664.207,34.094828
664.460,34.285714
664.712,34.094828
664.964,34.094828
665.217,32.983193
665.469,32.803347
665.721,32.448133
665.973,32.803347
666.226,32.803347
666.478,32.803347
666.730,32.625000
666.983,31.926230
667.235,31.417004
667.487,31.417004
667.739,31.417004
667.992,31.755102
668.244,32.098765
668.496,32.098765
668.749,31.755102
669.001,31.417004
669.254,31.417004
669.506,31.585366
669.758,32.098765
670.010,32.272727
670.263,32.098765
670.515,31.755102
670.767,31.417004
671.020,31.926230
671.272,32.272727
671.525,32.803347
671.777,33.531915
672.029,33.531915
672.282,33.905579
672.534,33.717949
672.787,34.094828
673.039,34.478261
673.292,35.265487
673.544,35.265487
673.796,35.066079
674.048,34.868421
674.301,33.905579
674.553,33.717949
674.805,33.531915
675.058,33.531915
675.310,33.717949
675.562,33.717949
675.814,33.347458
676.067,32.803347
676.319,32.448133
676.571,32.098765
676.823,32.448133
677.075,32.803347
677.327,32.803347
677.580,32.803347
677.832,32.625000
678.085,32.098765
678.337,31.926230
678.589,32.098765
678.842,32.983193
679.094,33.347458
679.346,34.094828
679.599,34.094828
679.851,33.905579
680.103,33.531915
680.356,33.531915
680.608,33.905579
680.861,34.094828
681.113,34.094828
681.365,33.347458
681.618,32.625000
681.870,32.272727
682.122,32.803347
682.374,33.531915
682.627,34.094828
682.879,34.094828
683.131,34.285714
683.384,33.717949
683.636,32.983193
683.888,32.983193
684.140,33.164557
684.393,33.164557
684.644,33.905579
684.897,34.285714
685.149,34.094828
685.401,33.717949
685.653,33.347458
685.906,33.347458
686.158,34.094828
686.411,33.717949
686.663,33.531915
686.916,32.803347
687.168,32.272727
687.420,32.098765
687.673,32.098765
687.925,32.625000
688.177,32.448133
688.430,32.272727
688.682,31.755102
688.935,31.755102
689.187,31.084337
689.439,31.417004
689.692,31.585366
689.944,31.926230
690.196,31.926230
690.448,31.250000
690.701,31.084337
690.953,30.756972
691.205,30.756972
691.458,31.417004
691.710,31.250000
691.962,31.417004
692.215,30.920000
692.467,30.434783
692.720,30.756972
692.972,30.595238
693.224,30.920000
693.476,30.756972
693.729,31.084337
693.981,30.434783
694.233,30.117647
694.485,30.117647
694.737,30.117647
694.989,30.434783
695.242,30.434783
695.494,30.595238
695.746,30.434783
695.998,29.805447
696.250,29.498069
696.503,29.346154
696.755,29.498069
697.007,29.960938
697.260,30.117647
697.512,30.275591
697.764,30.117647
698.017,30.275591
698.269,30.756972
698.521,30.920000
698.774,31.585366
699.026,31.585366
699.278,31.417004
699.531,30.920000
699.783,30.434783
700.035,30.434783
700.287,30.434783
700.540,30.595238
700.792,30.756972
701.044,30.595238
701.297,29.805447
701.549,29.651163
701.801,29.651163
702.053,29.805447
702.306,30.275591
702.558,29.805447
702.810,29.960938
703.063,29.346154
703.315,29.195402
703.567,28.897338
703.819,29.195402
704.072,29.346154
704.324,29.498069
704.576,29.346154
704.829,28.897338
705.081,28.603774
705.333,28.458647
705.585,28.603774
705.838,28.897338
706.090,28.897338
706.342,29.045802
706.595,28.458647
706.847,28.171642
707.099,27.888889
707.352,28.171642
707.604,28.750000
707.857,28.750000
708.109,28.750000
708.362,28.314607
708.614,27.888889
708.866,28.029740
709.119,28.171642
709.371,28.458647
709.623,28.458647
709.875,28.314607
710.128,27.749077
710.380,27.472527
710.632,27.610294
710.885,27.749077
711.137,28.171642
711.389,28.458647
711.641,28.458647
711.893,28.171642
712.146,28.029740
712.398,28.314607
712.650,28.750000
712.902,29.346154
713.155,29.346154
713.407,29.651163
713.660,29.960938
713.912,30.756972
714.164,31.417004
714.417,31.926230
714.669,32.983193
714.921,32.803347
715.174,33.717949
715.426,33.531915
715.678,33.531915
715.930,33.717949
716.183,34.094828
716.435,34.478261
716.687,34.285714
716.940,33.905579
717.192,33.347458
717.444,32.625000
717.696,32.448133
717.949,32.448133
718.201,32.983193
718.453,33.347458
718.706,33.164557
718.958,32.803347
719.210,32.448133
719.463,32.098765
719.715,31.926230
719.967,32.272727
720.219,32.625000
720.471,32.272727
720.724,32.272727
720.976,31.417004
721.228,31.084337
721.480,31.084337
721.733,31.250000
721.985,31.585366
722.237,31.417004
722.489,31.084337
722.742,30.275591
722.994,30.117647
723.246,30.117647
723.498,30.117647
723.750,30.920000
724.002,30.756972
724.255,30.920000
724.507,30.595238
724.759,30.117647
725.012,30.117647
725.264,30.117647
725.516,30.117647
725.768,30.595238
726.021,30.117647
726.273,29.805447
726.525,29.195402
726.778,29.195402
727.030,28.897338
727.283,29.346154
727.535,29.346154
727.787,29.195402
728.039,29.045802
728.291,28.458647
728.544,28.603774
728.796,28.171642
729.048,28.458647
729.301,28.603774
729.553,28.750000
729.805,28.458647
730.057,28.029740
730.309,27.749077
730.562,27.888889
730.814,27.888889
731.066,28.314607
731.318,28.314607
731.571,28.314607
731.823,27.749077
732.075,27.610294
732.327,27.335766
732.580,27.610294
732.832,28.171642
733.084,28.171642
733.336,27.888889
733.589,27.610294
733.841,27.200000
734.093,27.200000
734.345,27.065217
734.597,27.472527
734.850,27.472527
735.102,27.749077
735.355,27.610294
735.607,27.749077
735.859,27.749077
736.111,27.888889
736.364,28.458647
736.616,28.603774
736.868,28.458647
737.120,28.314607
737.373,27.610294
737.625,27.472527
737.877,27.335766
738.129,27.749077
738.381,27.888889
738.634,28.029740
738.886,27.749077
739.138,27.200000
739.391,27.200000
739.643,27.200000
739.895,27.888889
740.147,28.458647
740.399,28.897338
740.652,28.897338
740.904,28.603774
741.156,28.458647
741.408,28.458647
741.660,28.314607
741.913,28.603774
742.165,28.603774
742.417,28.458647
742.669,28.314607
742.921,27.888889
743.173,27.749077
743.425,27.749077
743.678,28.458647
743.930,29.195402
744.182,29.498069
744.435,29.651163
744.687,29.195402
744.939,28.897338
745.191,28.897338
745.443,28.897338
745.696,29.195402
745.948,29.045802
746.200,28.750000
746.452,28.458647
746.704,28.171642
746.956,27.888889
747.209,27.749077
747.461,28.314607
747.713,28.458647
747.966,28.171642
748.218,28.029740
748.470,27.749077
748.722,27.610294
748.974,28.029740
749.227,28.603774
749.479,29.195402
749.731,29.045802
749.983,29.346154
750.236,28.603774
750.488,28.603774
750.740,28.458647
750.993,28.603774
751.245,29.045802
751.497,28.603774
751.750,28.750000
752.002,28.029740
752.254,27.888889
752.506,27.749077
752.759,27.888889
753.011,28.171642
753.263,28.314607
753.516,28.171642
753.768,27.472527
754.020,27.335766
754.272,27.335766
754.525,27.472527
754.777,27.888889
755.029,27.888889
755.281,28.029740
755.533,27.610294
755.786,27.200000
756.038,27.065217
756.290,27.065217
756.543,27.610294
756.795,28.029740
757.047,27.888889
757.300,27.749077
757.552,28.171642
757.804,28.897338
758.057,29.805447
758.309,31.585366
758.561,32.803347
758.814,33.347458
759.066,33.717949
759.318,34.094828
759.570,35.466667
759.822,36.712329
760.075,38.483412
760.327,40.147059
760.579,41.150000
760.831,41.928934
761.083,40.895522
761.336,41.150000
761.588,40.895522
761.840,40.643564
762.092,40.394089
762.344,39.902439
762.597,39.660194
762.849,38.028169
763.101,36.926606
763.353,36.926606
763.606,36.500000
763.858,36.500000
764.111,36.712329
764.363,36.289593
764.615,35.669643
764.867,34.868421
765.119,34.672489
765.372,34.672489
765.624,34.868421
765.876,35.066079
766.129,34.868421
766.381,34.478261
766.633,33.905579
766.885,33.717949
767.137,33.531915
767.390,33.905579
767.642,33.905579
767.894,33.717949
768.146,33.347458
768.398,32.803347
768.651,32.272727
768.903,32.098765
769.155,32.448133
769.408,32.625000
769.660,32.448133
769.912,32.098765
770.164,31.417004
770.416,31.250000
770.669,31.084337
770.921,30.756972
771.173,31.084337
771.425,31.250000
771.677,31.250000
771.930,30.756972
772.182,30.275591
772.434,30.434783
772.686,30.595238
772.939,31.585366
773.191,31.926230
773.443,32.272727
773.696,31.926230
773.948,31.417004
774.200,30.920000
774.452,30.756972
774.705,31.250000
774.957,31.250000
775.210,31.417004
775.462,31.926230
775.714,31.417004
775.966,31.755102
776.218,31.926230
776.470,32.448133
776.723,33.347458
776.975,34.478261
777.227,35.066079
777.480,35.066079
777.732,35.874439
777.984,36.289593
778.237,36.289593
778.489,36.712329
778.741,36.712329
778.993,36.081081
779.246,35.265487
779.498,34.478261
779.751,34.094828
780.003,33.905579
780.255,34.285714
780.508,34.094828
780.760,34.094828
781.012,33.531915
781.265,32.803347
781.517,32.803347
781.769,32.803347
782.021,33.164557
782.274,33.164557
782.526,32.983193
782.778,32.625000
783.031,32.272727
783.283,31.926230
783.535,32.272727
783.787,32.272727
784.040,32.448133
784.292,32.448133
784.544,32.272727
784.796,31.926230
785.049,32.272727
785.301,33.164557
785.553,33.531915
785.806,34.094828
786.058,34.672489
786.310,34.672489
786.563,35.066079
786.815,36.289593
787.067,37.803738
787.319,38.947368
787.572,40.643564
787.824,41.666667
788.076,42.193878
788.328,43.281250
788.580,44.126984
788.832,45.297297
789.085,45.597826
789.337,45.597826
789.589,45.597826
789.842,44.705882
790.094,43.560209
790.346,41.666667
790.598,40.895522
790.851,39.902439
791.103,39.902439
791.355,39.902439
791.607,39.420290
791.860,39.182692
792.112,38.714286
792.365,38.254717
792.617,38.028169
792.870,38.483412
793.122,38.714286
793.374,39.182692
793.626,38.714286
793.879,38.028169
794.131,37.361111
794.383,36.926606
794.635,36.500000
794.888,36.926606
795.140,36.926606
795.392,36.926606
795.645,36.289593
795.897,35.466667
796.149,35.265487
796.401,35.265487
796.653,35.265487
796.906,35.265487
797.158,35.265487
797.411,35.265487
797.663,35.669643
797.915,35.265487
798.167,35.466667
798.420,35.669643
798.672,36.081081
798.924,35.874439
799.176,35.874439
799.428,35.669643
799.681,34.672489
799.933,34.094828
800.185,34.094828
800.437,33.717949
800.690,34.285714
800.942,34.094828
801.194,33.905579
801.447,33.717949
801.699,32.983193
801.951,32.803347
802.204,32.625000
802.456,32.803347
802.708,33.164557
802.961,32.983193
803.213,32.803347
803.465,32.098765
803.718,31.585366
803.970,31.585366
804.222,32.098765
804.475,31.926230
804.727,32.098765
804.979,31.755102
805.231,31.585366
805.484,30.920000
805.736,30.920000
805.989,30.756972
806.241,31.250000
806.493,31.250000
806.745,31.084337
806.998,30.920000
807.250,30.595238
807.502,30.275591
807.755,30.275591
808.007,30.117647
808.259,30.595238
808.512,30.595238
808.764,30.434783
809.017,30.117647
809.269,29.960938
809.521,29.960938
809.774,30.756972
810.026,31.084337
810.278,31.585366
810.531,31.250000
810.783,30.920000
811.035,30.756972
811.287,30.434783
811.540,30.434783
811.792,30.595238
812.044,30.756972
812.296,30.756972
812.549,30.595238
812.801,30.275591
813.053,29.805447
813.305,29.651163
813.557,29.651163
813.810,29.960938
814.062,29.960938
814.314,30.117647
814.566,29.960938
814.819,29.346154
815.071,29.195402
815.323,29.045802
815.576,29.498069
815.828,30.275591
816.080,30.275591
816.333,30.275591
816.585,29.960938
816.837,29.651163
817.090,29.805447
817.342,29.805447
817.594,30.595238
817.846,31.417004
818.099,31.926230
818.351,32.448133
818.603,32.448133
818.856,32.272727
819.108,32.448133
819.361,32.803347
819.613,33.164557
819.865,32.983193
820.118,32.983193
820.370,31.926230
820.622,31.755102
820.875,31.755102
821.127,32.098765
821.379,32.983193
821.631,33.717949
821.884,34.285714
822.136,34.094828
822.388,33.531915
822.640,33.347458
822.893,33.347458
823.145,33.164557
823.397,33.905579
823.649,33.905579
823.902,33.905579
824.154,33.717949
824.406,33.531915
824.658,33.347458
824.910,33.164557
825.163,33.531915
825.415,34.094828
825.667,33.717949
825.920,33.531915
826.171,32.625000
826.424,32.272727
826.676,31.926230
826.929,31.926230
827.181,32.625000
827.433,32.448133
827.685,32.625000
827.937,32.272727
828.190,31.417004
828.442,31.585366
828.695,31.417004
828.947,31.926230
829.199,32.625000
829.451,32.803347
829.704,32.983193
829.956,32.625000
830.208,32.272727
830.460,31.926230
830.713,31.755102
830.965,32.272727
831.217,32.625000
831.470,32.625000
831.722,32.803347
831.974,32.448133
832.227,32.448133
832.479,32.448133
832.731,32.983193
832.984,32.983193
833.235,32.803347
833.488,32.803347
833.740,32.098765
833.992,31.417004
834.244,31.417004
834.497,31.250000
834.749,31.585366
835.002,31.755102
835.254,31.585366
835.506,31.585366
835.759,31.084337
836.011,30.920000
836.264,30.920000
836.516,31.585366
836.768,32.098765
837.021,31.926230
837.273,32.098765
837.526,31.250000
837.779,30.920000
838.031,30.920000
838.283,31.250000
838.536,31.250000
838.788,31.084337
839.040,31.250000
839.292,30.595238
839.545,30.275591
839.797,30.117647
840.049,29.960938
840.301,30.595238
840.554,30.920000
840.806,30.756972
841.058,30.434783
841.311,29.960938
841.563,29.651163
841.815,29.651163
842.067,29.805447
842.319,30.117647
842.572,30.434783
842.824,30.920000
843.077,30.595238
843.329,30.275591
843.581,30.595238
843.833,30.595238
844.086,31.250000
844.338,31.417004
844.590,31.926230
844.843,32.448133
845.095,32.448133
845.347,32.983193
845.599,33.347458
845.852,34.094828
846.104,34.672489
846.357,34.672489
846.609,34.478261
846.862,34.094828
847.114,34.478261
847.366,34.672489
847.618,35.066079
847.870,35.669643
848.122,36.500000
848.375,36.289593
848.627,35.669643
848.879,35.066079
849.131,34.478261
849.384,34.094828
849.636,34.285714
849.888,34.478261
850.140,34.094828
850.393,34.094828
850.645,33.717949
850.897,32.803347
851.149,32.448133
851.401,32.803347
851.654,32.983193
851.906,32.983193
852.158,32.803347
852.411,32.803347
852.663,32.272727
852.915,32.098765
853.168,31.926230
853.420,32.272727
853.672,32.803347
853.924,32.983193
854.177,32.803347
854.429,32.625000
854.681,31.755102
854.933,31.755102
855.186,31.417004
855.438,31.755102
855.690,31.755102
855.943,31.755102
856.195,31.585366
856.447,31.250000
856.699,30.920000
856.951,30.756972
857.204,30.756972
857.456,31.084337
857.708,31.417004
857.960,31.250000
858.213,31.084337
858.465,30.756972
858.717,30.434783
858.969,30.434783
859.222,30.595238
859.474,31.084337
859.726,30.920000
859.979,30.920000
860.231,30.275591
860.483,29.960938
860.735,29.805447
860.988,29.651163
861.240,30.275591
861.493,30.275591
861.745,30.117647
861.997,29.960938
862.250,29.346154
862.502,29.045802
862.754,29.195402
863.007,29.651163
863.259,30.275591
863.511,30.595238
863.763,31.250000
864.016,31.417004
864.267,32.448133
864.520,33.717949
864.772,35.874439
865.024,38.254717
865.276,41.407035
865.529,43.560209
865.781,45.297297
866.033,45.597826
866.285,47.150838
866.538,48.125000
866.790,50.892857
867.042,53.148148
867.294,53.937500
867.546,53.937500
867.799,53.540373
868.051,51.257485
868.303,50.176471
868.555,49.132948
868.807,48.125000
869.060,47.796610
869.312,46.833333
869.564,45.597826
869.816,43.842105
870.069,43.005181
870.321,42.193878
870.573,41.666667
870.825,41.928934
871.078,41.666667
871.330,40.895522
871.582,40.394089
871.834,39.420290
872.087,38.714286
872.339,38.483412
872.591,38.714286
872.843,38.714286
873.095,38.714286
873.348,38.028169
873.600,37.361111
873.852,36.500000
874.105,36.289593
874.357,35.874439
874.609,36.081081
874.861,36.081081
875.113,35.874439
875.365,35.669643
875.618,34.672489
875.870,34.672489
876.123,34.094828
876.375,34.094828
876.627,34.478261
876.879,34.285714
877.132,34.094828
877.384,33.717949
877.637,33.347458
877.889,32.983193
878.141,33.164557
878.393,33.531915
878.646,33.347458
878.898,32.983193
879.150,32.272727
879.403,31.755102
879.655,31.585366
879.907,31.585366
880.159,31.755102
880.412,31.755102
880.664,31.755102
880.917,31.250000
881.169,30.595238
881.421,30.434783
881.673,30.275591
881.926,30.920000
882.178,31.417004
882.431,31.926230
882.683,32.272727
882.935,32.098765
883.188,32.625000
883.440,32.625000
883.692,32.983193
883.945,33.347458
884.197,33.164557
884.449,32.983193
884.702,31.926230
884.954,32.098765
885.206,32.098765
885.459,32.625000
885.711,33.164557
885.963,33.347458
886.216,33.347458
886.468,32.625000
886.720,32.448133
886.972,32.272727
887.225,32.625000
887.477,32.803347
887.729,32.625000
887.982,32.448133
888.234,32.098765
888.486,31.755102
888.738,31.417004
888.991,31.417004
889.243,32.098765
889.495,32.448133
889.747,33.531915
890.000,34.285714
890.252,34.478261
890.504,35.669643
890.757,35.669643
891.009,36.500000
891.261,36.926606
891.513,36.926606
891.765,36.926606
892.018,35.874439
892.270,35.265487
892.522,35.066079
892.774,35.265487
893.027,35.265487
893.279,35.265487
893.531,35.066079
893.783,34.478261
894.035,33.905579
894.288,33.717949
894.540,33.717949
894.792,34.285714
895.044,34.285714
895.296,34.094828
895.549,34.285714
895.801,33.531915
896.053,33.164557
896.305,33.164557
896.557,33.347458
896.809,33.717949
897.062,34.094828
897.314,34.094828
897.566,33.531915
897.819,32.983193
898.071,32.625000
898.323,32.803347
898.575,32.803347
898.827,33.164557
899.079,33.164557
899.332,32.983193
899.584,32.625000
899.836,31.926230
900.089,31.755102
900.341,31.585366
900.593,32.272727
900.845,32.272727
901.098,32.272727
901.350,32.098765
901.602,31.585366
901.854,31.084337
902.106,31.250000
902.358,31.250000
902.611,31.585366
902.863,31.926230
903.116,32.272727
903.368,32.625000
903.620,32.272727
903.872,32.625000
904.124,33.164557
904.377,33.531915
904.629,34.094828
904.881,33.717949
905.134,33.531915
905.386,32.625000
905.638,32.625000
905.891,32.625000
906.143,32.625000
906.395,32.803347
906.647,32.803347
906.900,32.625000
907.152,32.272727
907.404,31.755102
907.656,31.417004
907.908,31.585366
908.160,31.926230
908.412,32.098765
908.665,32.098765
908.917,31.926230
909.169,31.250000
909.421,30.920000
909.673,30.756972
909.925,30.756972
910.178,31.084337
910.430,31.250000
910.682,31.585366
910.935,31.084337
911.187,30.434783
911.439,30.275591
911.691,30.434783
911.944,30.434783
912.196,30.920000
912.448,30.756972
912.700,30.756972
912.952,30.275591
913.205,29.805447
913.457,29.651163
913.709,29.651163
913.962,30.275591
914.214,30.275591
914.466,30.275591
914.718,29.960938
914.971,29.498069
915.223,29.346154
915.474,29.346154
915.727,29.346154
915.979,29.805447
916.231,29.805447
916.484,29.960938
916.736,29.498069
916.988,29.045802
917.240,29.045802
917.493,28.897338
917.745,29.045802
917.997,29.195402
918.249,29.346154
918.502,29.045802
918.754,28.750000
919.006,28.750000
919.258,28.897338
919.511,29.498069
919.763,31.417004
920.016,33.164557
920.268,35.265487
920.520,37.361111
920.772,39.420290
921.025,41.407035
921.277,44.414894
921.529,46.833333
921.782,49.132948
922.034,50.176471
922.286,50.176471
922.538,49.132948
922.791,48.457143
923.043,47.796610
923.295,47.471910
923.548,47.150838
923.800,47.150838
924.052,45.901639
924.305,44.126984
924.557,43.005181
924.809,41.928934
925.061,41.666667
925.314,41.928934
925.566,41.666667
925.818,41.407035
926.070,41.150000
926.323,39.902439
926.575,39.182692
926.827,38.947368
927.080,38.483412
927.332,38.947368
927.584,38.714286
927.836,38.483412
928.089,37.581395
928.341,36.712329
928.593,36.500000
928.846,36.289593
929.098,36.500000
929.350,36.500000
929.603,36.289593
929.855,36.081081
930.107,35.066079
930.360,35.265487
930.612,36.081081
930.864,37.581395
931.117,38.947368
931.369,39.660194
931.621,40.394089
931.873,40.394089
932.125,40.147059
932.377,39.902439
932.629,39.660194
932.882,39.420290
933.134,39.660194
933.386,40.147059
933.638,39.902439
933.890,39.182692
934.142,38.483412
934.395,38.714286
934.647,38.714286
934.899,39.420290
935.152,39.660194
935.404,39.660194
935.656,38.714286
935.908,38.028169
936.160,37.361111
936.412,36.926606
936.664,36.500000
936.916,36.712329
937.168,37.361111
937.420,38.254717
937.673,38.714286
937.925,38.714286
938.177,38.714286
938.430,38.947368
938.682,39.182692
938.935,39.660194
939.187,40.394089
939.439,40.895522
939.692,41.150000
939.944,40.895522
940.196,41.407035
940.448,41.407035
940.701,41.666667
940.953,41.407035
941.205,40.895522
941.458,39.660194
941.710,38.254717
941.962,38.028169
942.214,37.361111
942.467,38.028169
942.719,38.028169
942.972,37.803738
943.224,37.361111
943.477,36.289593
943.729,35.874439
943.981,35.669643
944.234,36.926606
944.486,38.254717
944.738,40.147059
944.991,42.193878
945.243,42.731959
945.495,43.560209
945.747,44.126984
945.999,45.000000
946.251,47.150838
946.504,49.132948
946.756,50.892857
947.008,50.892857
947.261,50.532544
947.513,50.176471
947.765,51.257485
948.018,52.378049
948.270,54.746835
948.522,55.576923
948.775,55.576923
949.027,55.576923
949.279,56.428571
949.531,58.200000
949.783,59.591837
950.035,60.551724
950.288,61.538462
950.540,62.042254
950.792,60.551724
951.045,57.748344
951.297,55.576923
951.549,53.540373
951.801,52.000000
952.054,51.257485
952.306,50.176471
952.558,48.793103
952.811,47.471910
953.063,46.208791
953.316,45.297297
953.568,44.705882
953.821,45.000000
954.073,44.705882
954.326,45.000000
954.578,44.705882
954.830,45.597826
955.083,47.150838
955.335,48.793103
955.588,50.176471
955.840,50.532544
956.092,50.532544
956.344,49.132948
956.597,48.125000
956.849,47.150838
957.101,46.519337
957.353,46.519337
957.605,45.901639
957.857,45.000000
958.109,44.414894
958.362,43.005181
958.614,42.193878
958.866,41.666667
959.118,40.895522
959.370,41.666667
959.622,41.150000
959.875,41.150000
960.127,40.147059
960.380,39.182692
960.632,38.947368
960.885,38.714286
961.137,38.714286
961.389,38.947368
961.642,38.714286
961.894,38.254717
962.146,37.361111
962.398,37.581395
962.651,37.803738
962.903,38.714286
963.155,39.420290
963.408,40.147059
963.660,41.407035
963.912,41.928934
964.165,43.281250
964.417,44.126984
964.669,45.597826
964.921,47.150838
965.174,48.457143
965.426,48.125000
965.678,48.125000
965.931,48.125000
966.183,49.476744
966.436,50.176471
966.688,52.000000
966.941,52.760736
967.193,53.540373
967.445,52.760736
967.698,52.000000
967.950,51.257485
968.202,50.892857
968.455,51.626506
968.707,52.000000
968.960,54.339623
969.212,54.746835
969.464,54.339623
969.716,55.159236
969.969,55.159236
970.221,56.862745
970.473,57.302632
970.725,59.121622
970.978,58.200000
971.230,57.302632
971.482,56.428571
971.735,54.746835
971.987,53.540373
972.240,53.540373
972.492,52.000000
972.744,49.824561
972.997,48.125000
973.248,46.519337
973.501,45.597826
973.753,45.597826
974.005,45.297297
974.258,44.414894
974.510,44.126984
974.762,43.281250
975.015,43.005181
975.267,44.126984
975.519,45.597826
975.771,46.519337
976.024,47.150838
976.276,48.457143
976.528,49.476744
976.780,49.824561
977.033,49.476744
977.285,50.176471
977.537,51.626506
977.789,53.937500
978.041,54.746835
978.293,55.576923
978.545,53.937500
978.798,52.000000
979.050,50.892857
979.302,49.476744
979.555,50.532544
979.807,51.257485
980.059,51.626506
980.311,52.378049
980.563,50.892857
980.816,49.824561
981.068,49.132948
981.320,49.132948
981.572,48.793103
981.825,47.471910
982.077,46.208791
982.329,45.000000
982.582,45.000000
982.834,45.901639
983.087,49.132948
983.339,51.626506
983.591,53.937500
983.844,55.159236
984.096,56.000000
984.348,55.576923
984.600,55.576923
984.853,56.000000
985.105,56.428571
985.357,56.862745
985.609,56.428571
985.862,54.746835
986.114,53.148148
986.366,51.626506
986.619,50.532544
986.872,50.892857
987.124,50.532544
987.377,49.132948
987.629,47.150838
987.881,46.519337
988.133,45.297297
988.385,45.000000
988.637,44.414894
988.890,44.414894
989.142,44.126984
989.394,43.005181
989.647,42.731959
989.899,44.126984
990.151,45.297297
990.403,47.796610
990.656,48.793103
990.908,49.476744
991.160,48.457143
991.413,48.125000
991.665,48.457143
991.917,49.824561
992.170,50.176471
992.422,50.892857
992.674,50.532544
992.926,49.824561
993.179,50.176471
993.431,52.000000
993.683,53.148148
993.936,54.746835
994.188,55.159236
994.440,54.746835
994.693,52.760736
994.945,51.257485
995.197,49.824561
995.449,48.457143
995.702,47.796610
995.954,47.471910
996.206,47.150838
996.458,48.125000
996.711,48.457143
996.963,49.132948
997.215,49.476744
997.467,49.476744
997.719,49.132948
997.972,48.457143
998.224,47.150838
998.476,45.597826
998.728,44.414894
998.981,43.842105
999.233,44.705882
999.485,45.901639
999.738,47.150838
999.990,47.796610
1000.242,47.471910
1000.494,46.519337
1000.746,46.519337
1000.998,47.150838
1001.251,49.476744
1001.503,50.892857
1001.755,51.257485
1002.008,51.626506
1002.260,50.176471
1002.512,50.176471
1002.765,50.892857
1003.017,52.000000
1003.269,53.148148
1003.521,53.148148
1003.773,53.540373
1004.026,53.540373
1004.278,54.746835
1004.530,55.159236
1004.783,54.746835
1005.035,54.746835
1005.287,53.540373
1005.539,52.378049
1005.791,49.824561
1006.044,47.471910
1006.296,46.208791
1006.548,45.000000
1006.800,45.000000
1007.053,44.126984
1007.305,43.281250
1007.557,42.193878
1007.810,41.150000
1008.062,40.394089
1008.314,40.394089
1008.566,40.147059
1008.819,40.394089
1009.071,40.643564
1009.323,40.147059
1009.576,39.182692
1009.828,38.947368
1010.080,38.947368
1010.333,38.947368
1010.585,39.182692
1010.837,38.714286
1011.090,38.714286
1011.342,37.581395
1011.594,37.581395
1011.846,37.581395
1012.099,37.581395
1012.351,38.028169
1012.604,38.254717
1012.856,38.254717
1013.109,37.581395
1013.361,37.361111
1013.613,37.361111
1013.865,37.581395
1014.118,37.581395
1014.370,37.803738
1014.623,38.028169
1014.875,38.254717
1015.128,38.254717
1015.380,38.254717
1015.632,38.714286
1015.885,38.947368
1016.137,38.947368
1016.390,38.028169
1016.642,37.142857
1016.895,36.712329
1017.147,36.926606
1017.399,37.142857
1017.652,37.581395
1017.904,37.803738
1018.157,36.926606
1018.409,36.289593
1018.661,35.874439
1018.914,36.081081
1019.166,36.289593
1019.419,35.874439
1019.671,36.081081
1019.923,35.874439
1020.175,34.868421
1020.428,35.066079
1020.680,34.868421
1020.932,35.466667
1021.185,36.926606
1021.437,38.254717
1021.690,39.420290
1021.942,39.660194
1022.195,40.394089
1022.447,40.643564
1022.699,41.407035
1022.951,41.928934
1023.204,42.731959
1023.456,44.414894
1023.708,45.297297
1023.961,46.208791
1024.213,46.519337
1024.465,47.796610
1024.717,48.457143
1024.970,49.824561
1025.222,49.132948
1025.474,48.125000
1025.727,46.208791
1025.979,45.000000
1026.231,44.414894
1026.484,43.560209
1026.736,43.005181
1026.989,43.005181
1027.241,43.842105
1027.493,45.000000
1027.746,45.901639
1027.998,47.150838
1028.250,47.150838
1028.502,47.796610
1028.755,46.519337
1029.007,45.297297
1029.259,44.414894
1029.512,42.461538
1029.764,41.928934
1030.016,41.928934
1030.268,41.407035
1030.521,41.407035
1030.773,40.895522
1031.025,39.660194
1031.277,38.947368
1031.530,38.947368
1031.782,38.483412
1032.034,38.947368
1032.287,38.947368
1032.539,38.254717
1032.791,38.028169
1033.044,37.361111
1033.296,37.142857
1033.548,37.142857
1033.800,37.142857
1034.052,37.581395
1034.304,38.254717
1034.557,39.182692
1034.809,39.660194
1035.061,39.902439
1035.314,39.902439
1035.566,40.147059
1035.818,41.407035
1036.070,42.193878
1036.322,43.005181
1036.575,43.560209
1036.827,43.560209
1037.079,44.126984
1037.331,44.414894
1037.584,44.126984
1037.836,44.126984
1038.088,43.560209
1038.340,43.281250
1038.593,41.407035
1038.845,40.643564
1039.097,39.420290
1039.349,39.420290
1039.602,39.902439
1039.854,39.660194
1040.106,39.420290
1040.359,39.420290
1040.611,38.483412
1040.863,38.028169
1041.116,37.581395
1041.368,37.803738
1041.620,38.028169
1041.872,37.581395
1042.124,37.581395
1042.377,36.926606
1042.629,36.081081
1042.882,35.669643
1043.134,35.874439
1043.386,36.081081
1043.639,35.874439
1043.891,35.874439
1044.143,35.466667
1044.395,35.066079
1044.648,35.669643
1044.900,36.289593
1045.152,37.581395
1045.404,38.947368
1045.657,38.947368
1045.909,39.660194
1046.161,40.147059
1046.413,40.147059
1046.666,40.643564
1046.917,40.895522
1047.170,41.150000
1047.422,41.150000
1047.674,40.394089
1047.926,39.420290
1048.179,38.254717
1048.431,37.581395
1048.683,37.142857
1048.935,37.361111
1049.187,36.926606
1049.439,36.926606
1049.692,36.500000
1049.944,36.081081
1050.196,35.466667
1050.448,35.066079
1050.701,35.066079
1050.953,35.066079
1051.205,35.669643
1051.458,35.265487
1051.710,35.265487
1051.963,34.478261
1052.215,34.285714
1052.467,34.094828
1052.719,34.285714
1052.972,34.672489
1053.224,34.478261
1053.477,34.478261
1053.729,33.531915
1053.982,33.347458
1054.234,33.347458
1054.486,33.531915
1054.739,33.717949
1054.991,33.717949
1055.244,33.905579
1055.496,33.164557
1055.748,32.983193
1056.001,32.803347
1056.253,33.164557
1056.506,33.717949
1056.758,33.531915
1057.010,33.531915
1057.262,32.983193
1057.514,32.448133
1057.767,32.448133
1058.019,32.098765
1058.271,32.448133
1058.524,32.448133
1058.776,32.272727
1059.029,31.926230
1059.281,31.417004
1059.533,31.250000
1059.786,31.417004
1060.038,31.417004
1060.291,31.755102
1060.543,31.755102
1060.795,31.755102
1061.048,32.098765
1061.300,32.625000
1061.552,33.164557
1061.805,33.905579
1062.057,34.285714
1062.310,34.672489
1062.562,34.478261
1062.815,34.094828
1063.067,34.094828
1063.319,34.094828
1063.572,34.478261
1063.824,34.672489
1064.076,34.672489
1064.329,33.905579
1064.581,33.531915
1064.833,33.347458
1065.085,33.164557
1065.338,33.531915
1065.590,33.905579
1065.842,33.717949
1066.095,33.717949
1066.347,33.347458
1066.599,36.712329
1066.852,34.478261
1067.104,35.265487
1067.355,36.289593
1067.608,36.289593
1067.860,39.420290
1068.112,36.289593
1068.364,35.466667
1068.617,35.466667
1068.869,35.265487
1069.121,35.874439
1069.374,36.289593
1069.626,36.500000
1069.878,36.289593
1070.131,35.874439
1070.383,36.926606
1070.635,38.028169
1070.888,39.420290
1071.140,40.643564
1071.393,41.407035
1071.645,41.928934
1071.897,42.193878
1072.149,46.519337
1072.401,47.150838
1072.653,43.560209
1072.905,42.461538
1073.157,41.407035
1073.410,40.394089
1073.842,48.125000
